[{"items":[{"id":"m2","name":"Margherita Pizza","price":"12.99","description":"A classic pizza with fresh mozzarella, tomatoes, and basil on a thin and crispy crust.","image":"images/margherita-pizza.jpg","quantity":1},{"id":"m1","name":"Mac & Cheese","price":"8.99","description":"Creamy cheddar cheese mixed with perfectly cooked macaroni, topped with crispy breadcrumbs. A classic comfort food.","image":"images/mac-and-cheese.jpg","quantity":3}],"customer":{"name":"Hello","email":"khspilling@hmkla.omc","street":"asdd","postal-code":"1234","city":"afssf"},"id":"990.4069836433946"},{"items":[{"id":"m1","name":"Mac & Cheese","price":"8.99","description":"Creamy cheddar cheese mixed with perfectly cooked macaroni, topped with crispy breadcrumbs. A classic comfort food.","image":"images/mac-and-cheese.jpg","quantity":1}],"customer":{"name":"sasd","email":"sad@jio","street":"jio","postal-code":"jio","city":"jio"},"id":"920.0810480510697"},{"items":[{"id":"m1","name":"Mac & Cheese","price":"8.99","description":"Creamy cheddar cheese mixed with perfectly cooked macaroni, topped with crispy breadcrumbs. A classic comfort food.","image":"images/mac-and-cheese.jpg","quantity":1}],"customer":{"name":"asd","email":"asd@hio","street":"jio","postal-code":"jio","city":"jio"},"id":"316.2156287082618"},{"items":[{"id":"m1","name":"Mac & Cheese","price":"8.99","description":"Creamy cheddar cheese mixed with perfectly cooked macaroni, topped with crispy breadcrumbs. A classic comfort food.","image":"images/mac-and-cheese.jpg","quantity":1}],"customer":{"name":"daf","email":"fsd@huo","street":"hio","postal-code":"hio","city":"hio"},"id":"314.112653519472"},{"items":[{"id":"m1","name":"Mac & Cheese","price":"8.99","description":"Creamy cheddar cheese mixed with perfectly cooked macaroni, topped with crispy breadcrumbs. A classic comfort food.","image":"images/mac-and-cheese.jpg","quantity":1}],"customer":{"name":"dsa","email":"asd@hou","street":"hio","postal-code":"hio","city":"hio"},"id":"983.1353403659449"},{"items":[{"id":"m1","name":"Mac & Cheese","price":"8.99","description":"Creamy cheddar cheese mixed with perfectly cooked macaroni, topped with crispy breadcrumbs. A classic comfort food.","image":"images/mac-and-cheese.jpg","quantity":1}],"customer":{"name":"Karoline Hildre Spilling","email":"khspilling@gmail.com","street":"Laugevoldveien 44","postal-code":"4885","city":"Grimstad"},"id":"826.380666481022"},{"items":[{"id":"m1","name":"Mac & Cheese","price":"8.99","description":"Creamy cheddar cheese mixed with perfectly cooked macaroni, topped with crispy breadcrumbs. A classic comfort food.","image":"images/mac-and-cheese.jpg","quantity":1},{"id":"m4","name":"Spaghetti Carbonara","price":"10.99","description":"Al dente spaghetti with a creamy sauce made from egg yolk, pecorino cheese, pancetta, and pepper.","image":"images/spaghetti-carbonara.jpg","quantity":2},{"id":"m3","name":"Caesar Salad","price":"7.99","description":"Romaine lettuce tossed in Caesar dressing, topped with croutons and parmesan shavings.","image":"images/caesar-salad.jpg","quantity":1},{"id":"m5","name":"Veggie Burger","price":"9.99","description":"A juicy veggie patty served on a whole grain bun with lettuce, tomato, and a tangy sauce.","image":"images/veggie-burger.jpg","quantity":3},{"id":"m6","name":"Grilled Chicken Sandwich","price":"10.99","description":"Tender grilled chicken breast with avocado, bacon, lettuce, and honey mustard on a toasted bun.","image":"images/grilled-chicken-sandwich.jpg","quantity":1}],"customer":{"name":"Karoline Hildre Spilling","email":"khspilling@gmail.com","street":"Canton Paute","postal-code":"010101","city":"Cuenca"},"id":"418.60178254506496"},{"items":[{"id":"m1","name":"Mac & Cheese","price":"8.99","description":"Creamy cheddar cheese mixed with perfectly cooked macaroni, topped with crispy breadcrumbs. A classic comfort food.","image":"images/mac-and-cheese.jpg","quantity":1},{"id":"m4","name":"Spaghetti Carbonara","price":"10.99","description":"Al dente spaghetti with a creamy sauce made from egg yolk, pecorino cheese, pancetta, and pepper.","image":"images/spaghetti-carbonara.jpg","quantity":2},{"id":"m3","name":"Caesar Salad","price":"7.99","description":"Romaine lettuce tossed in Caesar dressing, topped with croutons and parmesan shavings.","image":"images/caesar-salad.jpg","quantity":1},{"id":"m5","name":"Veggie Burger","price":"9.99","description":"A juicy veggie patty served on a whole grain bun with lettuce, tomato, and a tangy sauce.","image":"images/veggie-burger.jpg","quantity":3},{"id":"m6","name":"Grilled Chicken Sandwich","price":"10.99","description":"Tender grilled chicken breast with avocado, bacon, lettuce, and honey mustard on a toasted bun.","image":"images/grilled-chicken-sandwich.jpg","quantity":1}],"customer":{"name":"csad","email":"casc@hoi","street":"hio","postal-code":"hio","city":"hio"},"id":"977.5579287192124"},{"items":[{"id":"m1","name":"Mac & Cheese","price":"8.99","description":"Creamy cheddar cheese mixed with perfectly cooked macaroni, topped with crispy breadcrumbs. A classic comfort food.","image":"images/mac-and-cheese.jpg","quantity":1}],"customer":{"name":"sA","email":"as@jio","street":"hio","postal-code":"hio","city":"hio"},"id":"805.4531920589538"},{"items":[{"id":"m1","name":"Mac & Cheese","price":"8.99","description":"Creamy cheddar cheese mixed with perfectly cooked macaroni, topped with crispy breadcrumbs. A classic comfort food.","image":"images/mac-and-cheese.jpg","quantity":2}],"customer":{"name":"asda","email":"asd@jio","street":"jio","postal-code":"jio","city":"jio"},"id":"444.237555012132"},{"items":[{"id":"m1","name":"Mac & Cheese","price":"8.99","description":"Creamy cheddar cheese mixed with perfectly cooked macaroni, topped with crispy breadcrumbs. A classic comfort food.","image":"images/mac-and-cheese.jpg","quantity":2}],"customer":{"name":"asdas","email":"bjo@nio","street":"jio","postal-code":"io","city":"jio"},"id":"369.29200636603343"},{"items":[{"id":"m1","name":"Mac & Cheese","price":"8.99","description":"Creamy cheddar cheese mixed with perfectly cooked macaroni, topped with crispy breadcrumbs. A classic comfort food.","image":"images/mac-and-cheese.jpg","quantity":1}],"customer":{"name":"casc","email":"cas@huio","street":"hui","postal-code":"hui","city":"hui"},"id":"983.9762248260266"},{"items":[{"id":"m1","name":"Mac & Cheese","price":"8.99","description":"Creamy cheddar cheese mixed with perfectly cooked macaroni, topped with crispy breadcrumbs. A classic comfort food.","image":"images/mac-and-cheese.jpg","quantity":2}],"customer":{"name":"jpjo","email":"j@hio","street":"jio","postal-code":"jio","city":"jjio"},"id":"539.9034243809575"},{"items":[{"id":"m1","name":"Mac & Cheese","price":"8.99","description":"Creamy cheddar cheese mixed with perfectly cooked macaroni, topped with crispy breadcrumbs. A classic comfort food.","image":"images/mac-and-cheese.jpg","quantity":2}],"customer":{"name":"sad","email":"asf@gnio","street":"io","postal-code":"jio","city":"jio"},"id":"680.0080387765241"},{"items":[{"id":"m1","name":"Mac & Cheese","price":"8.99","description":"Creamy cheddar cheese mixed with perfectly cooked macaroni, topped with crispy breadcrumbs. A classic comfort food.","image":"images/mac-and-cheese.jpg","quantity":4}],"customer":{"name":"huohuo","email":"huo@nip","street":"jop","postal-code":"jop","city":"jop"},"id":"727.2086879390179"},{"items":[{"id":"m1","name":"Mac & Cheese","price":"8.99","description":"Creamy cheddar cheese mixed with perfectly cooked macaroni, topped with crispy breadcrumbs. A classic comfort food.","image":"images/mac-and-cheese.jpg","quantity":1}],"customer":{"name":"iohjip","email":"jp@jopi","street":"jop","postal-code":"jop","city":"jop"},"id":"731.7864519591943"},{"items":[{"id":"m1","name":"Mac & Cheese","price":"8.99","description":"Creamy cheddar cheese mixed with perfectly cooked macaroni, topped with crispy breadcrumbs. A classic comfort food.","image":"images/mac-and-cheese.jpg","quantity":1}],"customer":{"name":"jpijo","email":"jop@bui","street":"bui","postal-code":"bui","city":"bui"},"id":"41.792517438643095"}]